source,native,name,p_value,significant,description,term_size,query_size,intersection_size,effective_domain_size,precision,recall,query,parents,Module
GO:BP,GO:0009451,RNA modification,0.0011509280464646,True,"""The covalent alteration of one or more nucleotides within an RNA molecule to produce an RNA molecule with a sequence that differs from that coded genetically."" [GOC:go_curators, ISBN:1555811337]",386,496,34,13630,0.0685483870967741,0.0880829015544041,query_1,"['GO:0016070', 'GO:0043412']",chartreuse
GO:MF,GO:0004674,protein serine/threonine kinase activity,0.0030551395886155,True,"""Catalysis of the reactions: ATP + protein serine = ADP + protein serine phosphate, and ATP + protein threonine = ADP + protein threonine phosphate."" [GOC:bf, MetaCyc:PROTEIN-KINASE-RXN, PMID:2956925]",474,588,35,17687,0.0595238095238095,0.0738396624472573,query_1,['GO:0004672'],chartreuse
GO:MF,GO:0016854,racemase and epimerase activity,0.0226399014387947,True,"""Catalysis of a reaction that alters the configuration of one or more chiral centers in a molecule."" [GOC:mah, ISBN:0198506732]",32,588,7,17687,0.0119047619047619,0.21875,query_1,['GO:0016853'],chartreuse
GO:BP,GO:0043412,macromolecule modification,0.0352856980679911,True,"""The covalent alteration of one or more monomeric units in a polypeptide, polynucleotide, polysaccharide, or other biological macromolecule, resulting in a change in its properties."" [GOC:go_curators]",2295,496,117,13630,0.2358870967741935,0.0509803921568627,query_1,['GO:0043170'],chartreuse
GO:CC,GO:0009507,chloroplast,7.139196897138044e-37,True,"""A chlorophyll-containing plastid with thylakoids organized into grana and frets, or stroma thylakoids, and embedded in a stroma."" [ISBN:0471245208]",916,322,115,9569,0.3571428571428571,0.1255458515283842,query_1,['GO:0009536'],darkkhaki
GO:CC,GO:0009536,plastid,2.860354589305204e-36,True,"""Any member of a family of organelles found in the cytoplasm of plants and some protists, which are membrane-bounded and contain DNA. Plant plastids develop from a common type, the proplastid."" [GOC:jl, ISBN:0198547684]",945,322,116,9569,0.3602484472049689,0.1227513227513227,query_1,"['GO:0005737', 'GO:0043231']",darkkhaki
GO:CC,GO:0009526,plastid envelope,2.894779260129801e-30,True,"""The double lipid bilayer enclosing a plastid and separating its contents from the rest of the cytoplasm; includes the intermembrane space."" [GOC:jy]",311,322,63,9569,0.1956521739130435,0.202572347266881,query_1,"['GO:0009536', 'GO:0031967']",darkkhaki
GO:CC,GO:0042651,thylakoid membrane,1.1256721112842579e-29,True,"""The pigmented membrane of any thylakoid."" [GOC:jl, GOC:pr]",205,322,52,9569,0.1614906832298136,0.2536585365853658,query_1,['GO:0034357'],darkkhaki
GO:CC,GO:0034357,photosynthetic membrane,3.8459453557184467e-29,True,"""A membrane enriched in complexes formed of reaction centers, accessory pigments and electron carriers, in which photosynthetic reactions take place."" [GOC:ds, GOC:mah]",249,322,56,9569,0.1739130434782608,0.2248995983935743,query_1,"['GO:0009579', 'GO:0016020']",darkkhaki
GO:CC,GO:0009579,thylakoid,5.489213447515944e-29,True,"""A membranous cellular structure that bears the photosynthetic pigments in plants, algae, and cyanobacteria. In cyanobacteria thylakoids are of various shapes and are attached to, or continuous with, the plasma membrane. In eukaryotes they are flattened, membrane-bounded disk-like structures located in the chloroplasts; in the chloroplasts of higher plants the thylakoids form dense stacks called grana. Isolated thylakoid preparations can carry out photosynthetic electron transport and the associated phosphorylation."" [GOC:ds, GOC:mtg_sensu, ISBN:0198506732]",315,322,62,9569,0.1925465838509316,0.1968253968253968,query_1,['GO:0043232'],darkkhaki
GO:BP,GO:0015979,photosynthesis,6.944676786526047e-29,True,"""The synthesis by organisms of organic chemical compounds, especially carbohydrates, from carbon dioxide (CO2) using energy obtained from light rather than from the oxidation of chemical compounds."" [ISBN:0198547684]",227,387,51,13630,0.1317829457364341,0.224669603524229,query_1,['GO:0008152'],darkkhaki
GO:CC,GO:0009534,chloroplast thylakoid,9.888503720320568e-29,True,"""Sac-like membranous structures (cisternae) in a chloroplast combined into stacks (grana) and present singly in the stroma (stroma thylakoids or frets) as interconnections between grana. An example of this component is found in Arabidopsis thaliana."" [GOC:mtg_sensu, ISBN:0943088399]",204,322,51,9569,0.1583850931677018,0.25,query_1,"['GO:0009507', 'GO:0031976']",darkkhaki
GO:CC,GO:0031976,plastid thylakoid,9.888503720320568e-29,True,"""Any thylakoid within a plastid."" [GOC:pz]",204,322,51,9569,0.1583850931677018,0.25,query_1,"['GO:0009536', 'GO:0009579']",darkkhaki
GO:CC,GO:0009535,chloroplast thylakoid membrane,3.498139557432603e-26,True,"""The pigmented membrane of a chloroplast thylakoid. An example of this component is found in Arabidopsis thaliana."" [GOC:lr, GOC:mtg_sensu]",180,322,46,9569,0.1428571428571428,0.2555555555555555,query_1,"['GO:0009534', 'GO:0031968', 'GO:0055035']",darkkhaki
GO:CC,GO:0055035,plastid thylakoid membrane,3.498139557432603e-26,True,"""The lipid bilayer membrane of any thylakoid within a plastid."" [GOC:jid, GOC:rph]",180,322,46,9569,0.1428571428571428,0.2555555555555555,query_1,"['GO:0031976', 'GO:0042170', 'GO:0042651']",darkkhaki
GO:CC,GO:0009532,plastid stroma,1.544476425431527e-23,True,"""The proteinaceous ground substance of plastids."" [ISBN:0943088399]",205,322,46,9569,0.1428571428571428,0.224390243902439,query_1,"['GO:0009536', 'GO:0110165']",darkkhaki
GO:CC,GO:0042170,plastid membrane,2.069353093649377e-23,True,"""Either of the lipid bilayers that surround a plastid and form the plastid envelope."" [GOC:mah]",227,322,48,9569,0.1490683229813664,0.211453744493392,query_1,"['GO:0009526', 'GO:0031090']",darkkhaki
GO:CC,GO:0031968,organelle outer membrane,4.3074371617091843e-23,True,"""The outer, i.e. cytoplasm-facing in a cellular organelle, lipid bilayer of an organelle envelope."" [GOC:mah]",220,322,47,9569,0.1459627329192546,0.2136363636363636,query_1,"['GO:0019867', 'GO:0031967', 'GO:0098588']",darkkhaki
GO:CC,GO:0009570,chloroplast stroma,1.2030429205215452e-22,True,"""The space enclosed by the double membrane of a chloroplast but excluding the thylakoid space. It contains DNA, ribosomes and some temporary products of photosynthesis."" [ISBN:0198547684]",194,322,44,9569,0.1366459627329192,0.2268041237113402,query_1,"['GO:0009507', 'GO:0009532']",darkkhaki
GO:CC,GO:0019867,outer membrane,1.2159636944310757e-22,True,"""The external membrane of Gram-negative bacteria or certain organelles such as mitochondria and chloroplasts; freely permeable to most ions and metabolites."" [GOC:go_curators]",225,322,47,9569,0.1459627329192546,0.2088888888888889,query_1,['GO:0016020'],darkkhaki
GO:CC,GO:0009521,photosystem,1.5808998830808764e-20,True,"""A complex located in a photosynthetic membrane that consists of a photoreaction center associated with accessory pigments and electron carriers. Examples of this component are found in Arabidopsis thaliana and in photosynthetic bacterial and archaeal species."" [GOC:ds, GOC:mah, ISBN:0140514031, PMID:9821949]",112,322,33,9569,0.1024844720496894,0.2946428571428571,query_1,"['GO:0034357', 'GO:0098796']",darkkhaki
GO:CC,GO:0031967,organelle envelope,1.613043303438003e-20,True,"""A double membrane structure enclosing an organelle, including two lipid bilayers and the region between them. In some cases, an organelle envelope may have more than two membranes."" [GOC:mah, GOC:pz]",486,322,65,9569,0.201863354037267,0.1337448559670782,query_1,"['GO:0043227', 'GO:0043229', 'GO:0110165']",darkkhaki
GO:CC,GO:0009522,photosystem I,3.13909352868668e-15,True,"""A photosystem that contains an iron-sulfur reaction center associated with accessory pigments and electron carriers. In cyanobacteria and chloroplasts, photosystem I functions as a light-dependent plastocyanin-ferredoxin oxidoreductase, transferring electrons from plastocyanin to ferredoxin; in photosynthetic bacteria that have only a single type I photosystem, such as the green sulfur bacteria, electrons can go either to ferredoxin (Fd) -> NAD+ or to menaquinone (MK) -> Cytb/FeS -> Cytc555 -> photosystem I (cyclic photophosphorylation)."" [GOC:ds, GOC:mah, ISBN:0140514031, PMID:9821949]",49,322,20,9569,0.062111801242236,0.4081632653061224,query_1,['GO:0009521'],darkkhaki
GO:CC,GO:0009523,photosystem II,8.778471172998925e-15,True,"""A photosystem that contains a pheophytin-quinone reaction center with associated accessory pigments and electron carriers. In cyanobacteria and chloroplasts, in the presence of light, PSII functions as a water-plastoquinone oxidoreductase, transferring electrons from water to plastoquinone, whereas other photosynthetic bacteria carry out anoxygenic photosynthesis and oxidize other compounds to re-reduce the photoreaction center."" [GOC:ds, GOC:mah, ISBN:0943088399, PMID:9821949]",65,322,22,9569,0.0683229813664596,0.3384615384615385,query_1,['GO:0009521'],darkkhaki
GO:CC,GO:0009941,chloroplast envelope,1.463911658976645e-14,True,"""The double lipid bilayer enclosing the chloroplast and separating its contents from the rest of the cytoplasm; includes the intermembrane space."" [GOC:tb]",158,322,32,9569,0.0993788819875776,0.2025316455696202,query_1,"['GO:0009507', 'GO:0009526']",darkkhaki
GO:BP,GO:0019684,"photosynthesis, light reaction",5.697035436148349e-14,True,"""The light reactions of photosynthesis, which take place in photosystems II and I. Light energy is harvested and used to power the transfer of electrons among a series of electron donors and acceptors. The final electron acceptor is NADP+, which is reduced to NADPH. NADPH generated from light reactions is used in sugar synthesis in dark reactions. Light reactions also generate a proton motive force across the thylakoid membrane, and the proton gradient is used to synthesize ATP. There are two chemical reactions involved in the light reactions: water oxidation in photosystem II, and NADP reduction in photosystem I."" [PMID:15746074]",125,387,27,13630,0.0697674418604651,0.216,query_1,"['GO:0006091', 'GO:0015979']",darkkhaki
GO:CC,GO:0098588,bounding membrane of organelle,5.1773395629009536e-12,True,"""The lipid bilayer that forms the outer-most layer of an organelle."" [GOC:dos]",549,322,56,9569,0.1739130434782608,0.1020036429872495,query_1,['GO:0031090'],darkkhaki
GO:BP,GO:0009768,"photosynthesis, light harvesting in photosystem I",5.82132956269637e-12,True,"""After a photon of light is absorbed by one of the many chlorophyll molecules, in one of the light-harvesting complexes of an antenna on photosystem I, some of the absorbed energy is transferred to the pair of chlorophyll molecules in the reaction center."" [GOC:jid, ISBN:0716731363, ISBN:0816017360]",15,387,11,13630,0.0284237726098191,0.7333333333333333,query_1,['GO:0009765'],darkkhaki
GO:BP,GO:0009765,"photosynthesis, light harvesting",1.6848522437572323e-11,True,"""Absorption and transfer of the energy absorbed from light photons between photosystem reaction centers."" [GOC:sm]",31,387,14,13630,0.0361757105943152,0.4516129032258064,query_1,"['GO:0006091', 'GO:0019684']",darkkhaki
GO:CC,GO:0010287,plastoglobule,1.1464264497761126e-10,True,"""A lipoprotein particle present in chloroplasts. They are rich in non-polar lipids (triglycerides, esters) as well as in prenylquinones, plastoquinone and tocopherols. Plastoglobules are often associated with thylakoid membranes, suggesting an exchange of lipids with thylakoids."" [GOC:tair_curators, PMID:16461379]",22,322,12,9569,0.0372670807453416,0.5454545454545454,query_1,"['GO:0009570', 'GO:0110165']",darkkhaki
GO:BP,GO:0006091,generation of precursor metabolites and energy,4.795321207221986e-10,True,"""The chemical reactions and pathways resulting in the formation of precursor metabolites, substances from which energy is derived, and any process involved in the liberation of energy from these substances."" [GOC:jl]",418,387,42,13630,0.1085271317829457,0.1004784688995215,query_1,['GO:0008152'],darkkhaki
GO:CC,GO:0005737,cytoplasm,6.643712989653623e-10,True,"""The contents of a cell excluding the plasma membrane and nucleus, but including other subcellular structures."" [ISBN:0198547684]",4062,322,197,9569,0.6118012422360248,0.0484982767109798,query_1,"['GO:0005622', 'GO:0110165']",darkkhaki
GO:BP,GO:0009416,response to light stimulus,9.878428227129303e-08,True,"""Any process that results in a change in state or activity of a cell or an organism (in terms of movement, secretion, enzyme production, gene expression, etc.) as a result of a light stimulus, electromagnetic radiation of wavelengths classified as infrared, visible or ultraviolet light."" [GOC:go_curators, ISBN:0582227089]",191,387,25,13630,0.0645994832041343,0.1308900523560209,query_1,['GO:0009314'],darkkhaki
GO:BP,GO:0009314,response to radiation,1.7289023702584241e-07,True,"""Any process that results in a change in state or activity of a cell or an organism (in terms of movement, secretion, enzyme production, gene expression, etc.) as a result of an electromagnetic radiation stimulus. Electromagnetic radiation is a propagating wave in space with electric and magnetic components. These components oscillate at right angles to each other and to the direction of propagation."" [GOC:jl, Wikipedia:Electromagnetic_radiation]",196,387,25,13630,0.0645994832041343,0.1275510204081632,query_1,['GO:0009628'],darkkhaki
GO:MF,GO:0016168,chlorophyll binding,4.364729083530214e-07,True,"""Binding to a chlorophyll; a compound of magnesium complexed in a porphyrin (tetrapyrrole) ring and which functions as a photosynthetic pigment."" [GOC:jl]",41,416,11,17687,0.0264423076923076,0.2682926829268293,query_1,['GO:0046906'],darkkhaki
GO:CC,GO:0098796,membrane protein complex,6.041531620501528e-07,True,"""Any protein complex that is part of a membrane."" [GOC:dos]",414,322,39,9569,0.1211180124223602,0.0942028985507246,query_1,"['GO:0016020', 'GO:0032991']",darkkhaki
GO:CC,GO:0031090,organelle membrane,8.970867040412129e-07,True,"""A membrane that is one of the two lipid bilayers of an organelle envelope or the outermost membrane of single membrane bound organelle."" [GOC:dos, GOC:mah]",826,322,60,9569,0.186335403726708,0.072639225181598,query_1,"['GO:0016020', 'GO:0043227']",darkkhaki
GO:CC,GO:0009538,photosystem I reaction center,1.874870515309517e-06,True,"""A photochemical system containing P700, the chlorophyll a dimer that functions as a primary electron donor. Functioning as a light-dependent plastocyanin-ferredoxin oxidoreductase, it transfers electrons from plastocyanin to ferredoxin."" [GOC:kd, ISBN:0943088399]",11,322,7,9569,0.0217391304347826,0.6363636363636364,query_1,"['GO:0009522', 'GO:0098796']",darkkhaki
GO:BP,GO:0044281,small molecule metabolic process,2.902490683333042e-06,True,"""The chemical reactions and pathways involving small molecules, any low molecular weight, monomeric, non-encoded molecule."" [GOC:curators, GOC:pde, GOC:vw]",1183,387,69,13630,0.1782945736434108,0.0583262890955198,query_1,['GO:0008152'],darkkhaki
GO:CC,GO:0043232,intracellular membraneless organelle,4.873169124640989e-06,True,"""Organized structure of distinctive morphology and function, not bounded by a lipid bilayer membrane and occurring within the cell. Includes ribosomes, the cytoskeleton and chromosomes."" [GOC:go_curators]",1425,322,85,9569,0.2639751552795031,0.0596491228070175,query_1,"['GO:0043228', 'GO:0043229']",darkkhaki
GO:CC,GO:0043228,membraneless organelle,4.873169124640989e-06,True,"""Organized structure of distinctive morphology and function, not bounded by a lipid bilayer membrane. Includes ribosomes, the cytoskeleton and chromosomes."" [GOC:go_curators]",1425,322,85,9569,0.2639751552795031,0.0596491228070175,query_1,['GO:0043226'],darkkhaki
GO:CC,GO:0009654,photosystem II oxygen evolving complex,5.772043462377777e-06,True,"""A complex, composed of a cluster of manganese, calcium and chloride ions bound to extrinsic proteins, that catalyzes the splitting of water to O2 and 4 H+. In cyanobacteria there are five extrinsic proteins in OEC (PsbO, PsbP-like, PsbQ-like, PsbU and PsbV), while in plants there are only three (PsbO, PsbP and PsbQ)."" [GOC:cjm, InterPro:IPR002683]",24,322,9,9569,0.0279503105590062,0.375,query_1,"['GO:0009523', 'GO:0042651', 'GO:0098796', 'GO:1990204']",darkkhaki
GO:CC,GO:1990204,oxidoreductase complex,1.4574031687375806e-05,True,"""Any protein complex that possesses oxidoreductase activity."" [GOC:bhm, PMID:18982432]",62,322,13,9569,0.0403726708074534,0.2096774193548387,query_1,['GO:1902494'],darkkhaki
GO:BP,GO:0009628,response to abiotic stimulus,1.5163318589472553e-05,True,"""Any process that results in a change in state or activity of a cell or an organism (in terms of movement, secretion, enzyme production, gene expression, etc.) as a result of an abiotic (not derived from living organisms) stimulus."" [GOC:hb]",497,387,38,13630,0.0981912144702842,0.0764587525150905,query_1,['GO:0050896'],darkkhaki
GO:MF,GO:0016829,lyase activity,8.289323877316874e-05,True,"""Catalysis of the cleavage of C-C, C-O, C-N and other bonds by other means than by hydrolysis or oxidation, or conversely adding a group to a double bond. They differ from other enzymes in that two substrates are involved in one reaction direction, but only one in the other direction. When acting on the single substrate, a molecule is eliminated and this generates either a new double bond or a new ring."" [EC:4.-.-.-]",355,416,26,17687,0.0625,0.0732394366197183,query_1,['GO:0003824'],darkkhaki
GO:BP,GO:0009773,photosynthetic electron transport in photosystem I,0.0002264422940216,True,"""A photosynthetic electron transport chain in which electrons move from the primary electron acceptor (Quinone, X) through a chain of electron transport molecules in the thylakoid membrane until they reach ferredoxin which passes the electron to the ultimate electron acceptor; NADP."" [GOC:jid, ISBN:0716731363, ISBN:0816017360]",12,387,6,13630,0.0155038759689922,0.5,query_1,['GO:0009767'],darkkhaki
GO:BP,GO:0006544,glycine metabolic process,0.0007011807760587,True,"""The chemical reactions and pathways involving glycine, aminoethanoic acid."" [GOC:go_curators]",14,387,6,13630,0.0155038759689922,0.4285714285714285,query_1,['GO:0009069'],darkkhaki
GO:BP,GO:0015994,chlorophyll metabolic process,0.0016445962749416,True,"""The chemical reactions and pathways involving chlorophyll, any compound of magnesium complexed in a porphyrin (tetrapyrrole) ring and which functions as a photosynthetic pigment."" [GOC:jl]",33,387,8,13630,0.020671834625323,0.2424242424242424,query_1,['GO:0006778'],darkkhaki
GO:BP,GO:0006546,glycine catabolic process,0.0017578054051504,True,"""The chemical reactions and pathways resulting in the breakdown of glycine, aminoethanoic acid."" [GOC:go_curators]",5,387,4,13630,0.0103359173126615,0.8,query_1,"['GO:0006544', 'GO:0009071']",darkkhaki
GO:BP,GO:0019464,glycine decarboxylation via glycine cleavage system,0.0017578054051504,True,"""The chemical reactions and pathways resulting in the breakdown of glycine by oxidative cleavage to carbon dioxide, ammonia, and a methylene group, mediated by enzymes of the glycine cleavage complex."" [MetaCyc:GLYCLEAV-PWY]",5,387,4,13630,0.0103359173126615,0.8,query_1,['GO:0006546'],darkkhaki
GO:BP,GO:0006520,amino acid metabolic process,0.0025653078046676,True,"""The chemical reactions and pathways involving amino acids, carboxylic acids containing one or more amino groups."" [ISBN:0198506732]",361,387,27,13630,0.0697674418604651,0.074792243767313,query_1,['GO:0044238'],darkkhaki
GO:BP,GO:0009767,photosynthetic electron transport chain,0.0026333866980711,True,"""A process, occurring as part of photosynthesis, in which light provides the energy for a series of electron carriers to operate together to transfer electrons and generate a transmembrane electrochemical gradient."" [GOC:mtg_electron_transport, ISBN:0198547684]",58,387,10,13630,0.0258397932816537,0.1724137931034483,query_1,"['GO:0019684', 'GO:0022900']",darkkhaki
GO:BP,GO:0043436,oxoacid metabolic process,0.0034290463197338,True,"""The chemical reactions and pathways involving any oxoacid; an oxoacid is a compound which contains oxygen, at least one other element, and at least one hydrogen bound to oxygen, and which produces a conjugate base by loss of positive hydrogen ion(s) (hydrons)."" [Wikipedia:Oxyacid]",715,387,42,13630,0.1085271317829457,0.0587412587412587,query_1,['GO:0006082'],darkkhaki
GO:BP,GO:0006082,organic acid metabolic process,0.0035493494142574,True,"""The chemical reactions and pathways involving organic acids, any acidic compound containing carbon in covalent linkage."" [ISBN:0198506732]",716,387,42,13630,0.1085271317829457,0.0586592178770949,query_1,['GO:0044281'],darkkhaki
GO:BP,GO:0019752,carboxylic acid metabolic process,0.0040213487954542,True,"""The chemical reactions and pathways involving carboxylic acids, any organic acid containing one or more carboxyl (COOH) groups or anions (COO-)."" [ISBN:0198506732]",695,387,41,13630,0.1059431524547803,0.0589928057553956,query_1,['GO:0043436'],darkkhaki
GO:CC,GO:0030093,chloroplast photosystem I,0.0052592394325601,True,"""Photosystem located in the chloroplast that functions as a light-dependent plastocyanin-ferredoxin oxidoreductase, transferring electrons from plastocyanin to ferredoxin. An example of this is found in Arabidopsis thaliana."" [GOC:jid, GOC:mtg_sensu]",3,322,3,9569,0.0093167701863354,1.0,query_1,"['GO:0009522', 'GO:0098807']",darkkhaki
GO:BP,GO:0170039,proteinogenic amino acid metabolic process,0.0052690476554522,True,"""The chemical reactions and pathways involving any amino acid that is incorporated into protein naturally by ribosomal translation of mRNA, and that has a specific codon for translation from mRNA to protein."" [GOC:ew]",174,387,17,13630,0.0439276485788113,0.0977011494252873,query_1,"['GO:0006520', 'GO:0019752']",darkkhaki
GO:CC,GO:0043231,intracellular membrane-bounded organelle,0.0055729897195222,True,"""Organized structure of distinctive morphology and function, bounded by a single or double lipid bilayer membrane and occurring within the cell. Includes the nucleus, mitochondria, plastids, vacuoles, and vesicles. Excludes the plasma membrane."" [GOC:go_curators]",5083,322,206,9569,0.639751552795031,0.040527247688373,query_1,"['GO:0043227', 'GO:0043229']",darkkhaki
GO:CC,GO:0043227,membrane-bounded organelle,0.00683809298927,True,"""Organized structure of distinctive morphology and function, bounded by a single or double lipid bilayer membrane. Includes the nucleus, mitochondria, plastids, vacuoles, and vesicles. Excludes the plasma membrane."" [GOC:go_curators]",5096,322,206,9569,0.639751552795031,0.0404238618524332,query_1,['GO:0043226'],darkkhaki
GO:BP,GO:0042440,pigment metabolic process,0.0086996278059234,True,"""The chemical reactions and pathways involving pigment, any general or particular coloring matter in living organisms, e.g. melanin."" [GOC:jl, ISBN:0198506732]",66,387,10,13630,0.0258397932816537,0.1515151515151515,query_1,['GO:0008152'],darkkhaki
GO:BP,GO:0046148,pigment biosynthetic process,0.0090029471685684,True,"""The chemical reactions and pathways resulting in the formation of a pigment, any general or particular coloring matter in living organisms, e.g. melanin."" [ISBN:0198506732]",53,387,9,13630,0.0232558139534883,0.1698113207547169,query_1,['GO:0042440'],darkkhaki
GO:BP,GO:0170033,L-amino acid metabolic process,0.01025149435511,True,"""The chemical reactions and pathways involving an L-amino acid."" [GOC:edw]",183,387,17,13630,0.0439276485788113,0.0928961748633879,query_1,['GO:1901605'],darkkhaki
GO:CC,GO:0010598,NAD(P)H dehydrogenase complex (plastoquinone),0.0110236978390274,True,"""Complex that possesses NAD(P)H dehydrogenase (plastoquinone) activity. The complex is one of the components of the electron transport chain. It is involved in electron transport from an unidentified electron donor, possibly NADH, NADPH or ferredoxin(Fd) to the plastoquinone pool."" [PMID:15608332]",8,322,4,9569,0.0124223602484472,0.5,query_1,['GO:1902494'],darkkhaki
GO:MF,GO:0016830,carbon-carbon lyase activity,0.0112098218405963,True,"""Catalysis of the cleavage of C-C bonds by other means than by hydrolysis or oxidation, or conversely adding a group to a double bond."" [GOC:jl]",127,416,12,17687,0.0288461538461538,0.0944881889763779,query_1,['GO:0016829'],darkkhaki
GO:BP,GO:0006778,porphyrin-containing compound metabolic process,0.012286158472601,True,"""The chemical reactions and pathways involving any member of a large group of derivatives or analogs of porphyrin. Porphyrins consists of a ring of four pyrrole nuclei linked each to the next at their alpha positions through a methine group."" [GOC:jl, ISBN:0198506732, Wikipedia:Porphyrin#Natural_formation]",55,387,9,13630,0.0232558139534883,0.1636363636363636,query_1,['GO:0033013'],darkkhaki
GO:CC,GO:0019898,extrinsic component of membrane,0.0128021982469036,True,"""The component of a membrane consisting of gene products and protein complexes that are loosely bound to one of its surfaces, but not integrated into the hydrophobic region."" [GOC:dos, GOC:jl, GOC:mah]",33,322,7,9569,0.0217391304347826,0.2121212121212121,query_1,"['GO:0016020', 'GO:0110165']",darkkhaki
GO:BP,GO:0045454,cell redox homeostasis,0.0129682034820867,True,"""Any process that maintains the redox environment of a cell or compartment within a cell."" [GOC:ai, GOC:dph, GOC:tb]",99,387,12,13630,0.0310077519379844,0.1212121212121212,query_1,['GO:0019725'],darkkhaki
GO:BP,GO:0044283,small molecule biosynthetic process,0.0134509124642833,True,"""The chemical reactions and pathways resulting in the formation of small molecules, any low molecular weight, monomeric, non-encoded molecule."" [GOC:curators, GOC:pde, GOC:vw]",441,387,29,13630,0.0749354005167958,0.0657596371882086,query_1,"['GO:0009058', 'GO:0044281']",darkkhaki
GO:BP,GO:0019725,cellular homeostasis,0.0135789273543261,True,"""Any process involved in the maintenance of an internal steady state at the level of the cell."" [GOC:isa_complete, GOC:jl, ISBN:0395825172]",187,387,17,13630,0.0439276485788113,0.0909090909090909,query_1,['GO:0042592'],darkkhaki
GO:BP,GO:1901605,alpha-amino acid metabolic process,0.0155790013761195,True,"""The chemical reactions and pathways involving an alpha-amino acid."" [GOC:TermGenie]",228,387,19,13630,0.0490956072351421,0.0833333333333333,query_1,"['GO:0006520', 'GO:0019752']",darkkhaki
GO:BP,GO:0009071,serine family amino acid catabolic process,0.0163682641504052,True,"""The chemical reactions and pathways resulting in the breakdown of amino acids of the serine family, comprising cysteine, glycine, homoserine, selenocysteine and serine."" [GOC:ai]",14,387,5,13630,0.0129198966408268,0.3571428571428571,query_1,"['GO:0009069', 'GO:0170035', 'GO:0170040']",darkkhaki
GO:CC,GO:0005960,glycine cleavage complex,0.0205108138731465,True,"""A protein complex that catalyzes the reversible oxidation of glycine. In E. coli, it has four components: dihydrolipoamide dehydrogenase, glycine dehydrogenase (decarboxylating), lipoyl-GcvH-protein and aminomethyltransferase, also known as L, P, H, and T."" [GOC:mah, MetaCyc:GCVMULTI-CPLX]",4,322,3,9569,0.0093167701863354,0.75,query_1,['GO:1990204'],darkkhaki
GO:CC,GO:0098807,chloroplast thylakoid membrane protein complex,0.0205108138731465,True,"""A protein complex that is part of a chloroplast thylakoid membrane."" [GOC:dos]",4,322,3,9569,0.0093167701863354,0.75,query_1,"['GO:0009535', 'GO:0098796']",darkkhaki
GO:BP,GO:0033013,tetrapyrrole metabolic process,0.0288378772105756,True,"""The chemical reactions and pathways involving tetrapyrroles, natural pigments containing four pyrrole rings joined by one-carbon units linking position 2 of one pyrrole ring to position 5 of the next."" [GOC:mah]",61,387,9,13630,0.0232558139534883,0.1475409836065573,query_1,['GO:0008152'],darkkhaki
GO:BP,GO:0009657,plastid organization,0.0477494701556491,True,"""A process that is carried out at the cellular level which results in the assembly, arrangement of constituent parts, or disassembly of a plastid."" [GOC:mah]",96,387,11,13630,0.0284237726098191,0.1145833333333333,query_1,['GO:0006996'],darkkhaki
GO:CC,GO:0010319,stromule,0.0499966596186065,True,"""Thin filamentous structure extending from the surface of all plastid types examined so far, including chloroplast, proplastid, etioplast, leucoplast, amyloplast, and chromoplast. In general, stromules are more abundant in tissues containing non-green plastids, and in cells containing smaller plastids. The primary function of stromules is still unresolved, although the presence of stromules markedly increases the plastid surface area, potentially increasing transport to and from the cytosol. Other functions of stromules, such as transfer of macromolecules between plastids and starch granule formation in cereal endosperm, may be restricted to particular tissues and cell types."" [PMID:15272881, PMID:15699062, PMID:16582010]",5,322,3,9569,0.0093167701863354,0.6,query_1,"['GO:0009526', 'GO:0110165']",darkkhaki
GO:MF,GO:0003723,RNA binding,1.2723396046893138e-24,True,"""Binding to an RNA molecule or a portion thereof."" [GOC:jl, GOC:mah]",1206,1904,253,17687,0.1328781512605042,0.2097844112769485,query_1,['GO:0003676'],dimgrey
GO:CC,GO:0005622,intracellular anatomical structure,1.0480240142058384e-22,True,"""A component of a cell contained within (but not including) the plasma membrane. In eukaryotes it includes the nucleus and cytoplasm."" [ISBN:0198506732]",6855,1312,1089,9569,0.8300304878048781,0.1588621444201313,query_1,['GO:0110165'],dimgrey
GO:CC,GO:0005737,cytoplasm,1.010545522957694e-18,True,"""The contents of a cell excluding the plasma membrane and nucleus, but including other subcellular structures."" [ISBN:0198547684]",4062,1312,713,9569,0.5434451219512195,0.1755292959133431,query_1,"['GO:0005622', 'GO:0110165']",dimgrey
GO:CC,GO:0043231,intracellular membrane-bounded organelle,2.0691565376671335e-18,True,"""Organized structure of distinctive morphology and function, bounded by a single or double lipid bilayer membrane and occurring within the cell. Includes the nucleus, mitochondria, plastids, vacuoles, and vesicles. Excludes the plasma membrane."" [GOC:go_curators]",5083,1312,851,9569,0.6486280487804879,0.167420814479638,query_1,"['GO:0043227', 'GO:0043229']",dimgrey
GO:CC,GO:0043227,membrane-bounded organelle,3.1237478632060304e-18,True,"""Organized structure of distinctive morphology and function, bounded by a single or double lipid bilayer membrane. Includes the nucleus, mitochondria, plastids, vacuoles, and vesicles. Excludes the plasma membrane."" [GOC:go_curators]",5096,1312,852,9569,0.649390243902439,0.1671899529042386,query_1,['GO:0043226'],dimgrey
GO:BP,GO:0006396,RNA processing,3.6899186462955266e-15,True,"""Any process involved in the conversion of one or more primary RNA transcripts into one or more mature RNA molecules."" [GOC:mah]",585,1607,142,13630,0.088363410080896,0.2427350427350427,query_1,"['GO:0010467', 'GO:0032774', 'GO:0044238']",dimgrey
GO:BP,GO:0009451,RNA modification,2.0694892289743305e-13,True,"""The covalent alteration of one or more nucleotides within an RNA molecule to produce an RNA molecule with a sequence that differs from that coded genetically."" [GOC:go_curators, ISBN:1555811337]",386,1607,103,13630,0.0640945861854387,0.266839378238342,query_1,"['GO:0016070', 'GO:0043412']",dimgrey
GO:CC,GO:0005739,mitochondrion,1.468579766803098e-12,True,"""A semiautonomous, self replicating organelle that occurs in varying numbers, shapes, and sizes in the cytoplasm of virtually all eukaryotic cells. It is notably the site of tissue respiration."" [GOC:giardia, ISBN:0198506732]",560,1312,143,9569,0.1089939024390243,0.2553571428571428,query_1,"['GO:0005737', 'GO:0043231']",dimgrey
GO:CC,GO:0043229,intracellular organelle,2.7142034150413824e-10,True,"""Organized structure of distinctive morphology and function, occurring within the cell. Includes the nucleus, mitochondria, plastids, vacuoles, vesicles, ribosomes and the cytoskeleton. Excludes the plasma membrane."" [GOC:go_curators]",5820,1312,911,9569,0.694359756097561,0.1565292096219931,query_1,"['GO:0005622', 'GO:0043226']",dimgrey
GO:CC,GO:0043226,organelle,3.914145113006391e-10,True,"""Organized structure of distinctive morphology and function. Includes the nucleus, mitochondria, plastids, vacuoles, vesicles, ribosomes and the cytoskeleton, and prokaryotic structures such as anammoxosomes and pirellulosomes. Excludes the plasma membrane."" [GOC:go_curators]",5834,1312,912,9569,0.6951219512195121,0.1563249914295509,query_1,['GO:0110165'],dimgrey
GO:CC,GO:0140513,nuclear protein-containing complex,3.4305980829426815e-08,True,"""A stable assembly of two or more macromolecules, i.e. proteins, nucleic acids, carbohydrates or lipids, in which at least one component is a protein and the constituent parts function together in the nucleus."" [GOC:pg]",504,1312,120,9569,0.0914634146341463,0.238095238095238,query_1,"['GO:0005634', 'GO:0032991']",dimgrey
GO:CC,GO:0012505,endomembrane system,4.670466990024512e-08,True,"""A collection of membranous structures involved in transport within the cell. The main components of the endomembrane system are endoplasmic reticulum, Golgi bodies, vesicles, cell membrane and nuclear envelope. Members of the endomembrane system pass materials through each other or though the use of vesicles."" [GOC:lh]",853,1312,180,9569,0.1371951219512195,0.2110199296600234,query_1,['GO:0110165'],dimgrey
GO:BP,GO:0000377,"RNA splicing, via transesterification reactions with bulged adenosine as nucleophile",1.0276497746338605e-07,True,"""Splicing of RNA via a series of two transesterification reactions with a bulged adenosine residue from the intron branch point as the initiating nucleophile. When the initial RNA for the splicing reaction is a single molecule (cis splicing), the excised intron is released in a lariat structure."" [GOC:krc, PMID:11377794]",156,1607,48,13630,0.029869321717486,0.3076923076923077,query_1,['GO:0000375'],dimgrey
GO:MF,GO:0005515,protein binding,1.1331664874134597e-07,True,"""Binding to a protein."" [GOC:go_curators]",4164,1904,559,17687,0.2935924369747899,0.1342459173871277,query_1,['GO:0005488'],dimgrey
GO:BP,GO:0000375,"RNA splicing, via transesterification reactions",2.1293978344408133e-07,True,"""Splicing of RNA via a series of two transesterification reactions."" [GOC:krc]",159,1607,48,13630,0.029869321717486,0.3018867924528302,query_1,['GO:0008380'],dimgrey
GO:BP,GO:0006397,mRNA processing,2.384829664869772e-07,True,"""Any process involved in the conversion of a primary mRNA transcript into one or more mature mRNA(s) prior to translation into polypeptide."" [GOC:mah]",212,1607,58,13630,0.0360920970752955,0.2735849056603773,query_1,"['GO:0006396', 'GO:0016071']",dimgrey
GO:BP,GO:0016071,mRNA metabolic process,5.515282378211019e-07,True,"""The chemical reactions and pathways involving mRNA, messenger RNA, which is responsible for carrying the coded genetic 'message', transcribed from DNA, to sites of protein assembly at the ribosomes."" [ISBN:0198506732]",301,1607,73,13630,0.0454262601120099,0.2425249169435216,query_1,['GO:0016070'],dimgrey
GO:BP,GO:0051604,protein maturation,6.056762670794798e-07,True,"""Any process leading to the attainment of the full functional capacity of a protein."" [GOC:ai]",290,1607,71,13630,0.044181705040448,0.2448275862068965,query_1,"['GO:0010467', 'GO:0019538']",dimgrey
GO:CC,GO:0070013,intracellular organelle lumen,9.50413727451814e-07,True,"""An organelle lumen that is part of an intracellular organelle."" [GOC:mah]",380,1312,93,9569,0.0708841463414634,0.2447368421052631,query_1,"['GO:0043229', 'GO:0043233']",dimgrey
GO:CC,GO:0043233,organelle lumen,9.50413727451814e-07,True,"""The internal volume enclosed by the membranes of a particular organelle; includes the volume enclosed by a single organelle membrane, e.g. endoplasmic reticulum lumen, or the volume enclosed by the innermost of the two lipid bilayers of an organelle envelope, e.g. nuclear lumen."" [GOC:jl, GOC:mah]",380,1312,93,9569,0.0708841463414634,0.2447368421052631,query_1,"['GO:0031974', 'GO:0043226']",dimgrey
GO:CC,GO:0031974,membrane-enclosed lumen,9.50413727451814e-07,True,"""The enclosed volume within a sealed membrane or between two sealed membranes. Encompasses the volume enclosed by the membranes of a particular organelle, e.g. endoplasmic reticulum lumen, or the space between the two lipid bilayers of a double membrane surrounding an organelle, e.g. nuclear envelope lumen."" [GOC:add, GOC:mah]",380,1312,93,9569,0.0708841463414634,0.2447368421052631,query_1,['GO:0110165'],dimgrey
GO:BP,GO:0008380,RNA splicing,1.106755153893771e-06,True,"""The process of removing sections of the primary RNA transcript to remove sequences not present in the mature form of the RNA and joining the remaining sections to form the mature form of the RNA."" [GOC:krc, GOC:mah]",182,1607,51,13630,0.0317361543248288,0.2802197802197802,query_1,['GO:0006396'],dimgrey
GO:BP,GO:0000398,"mRNA splicing, via spliceosome",3.2969370012348115e-06,True,"""The joining together of exons from one or more primary transcripts of messenger RNA (mRNA) and the excision of intron sequences, via a spliceosomal mechanism, so that mRNA consisting only of the joined exons is produced."" [GOC:krc, ISBN:0198506732, ISBN:0879695897]",140,1607,42,13630,0.0261356565028002,0.3,query_1,"['GO:0000377', 'GO:0006397']",dimgrey
GO:CC,GO:0140535,intracellular protein-containing complex,7.584790858965081e-06,True,"""A protein-containing complex located intracellularly."" [GOC:pg]",401,1312,94,9569,0.0716463414634146,0.2344139650872818,query_1,['GO:0032991'],dimgrey
GO:BP,GO:0009408,response to heat,1.2467631511025476e-05,True,"""Any process that results in a change in state or activity of a cell or an organism (in terms of movement, secretion, enzyme production, gene expression, etc.) as a result of a heat stimulus, a temperature stimulus above the optimal temperature for that organism."" [GOC:lr]",91,1607,31,13630,0.0192906036092097,0.3406593406593406,query_1,"['GO:0006950', 'GO:0009266']",dimgrey
GO:CC,GO:0005730,nucleolus,1.5553240472109797e-05,True,"""A small, dense body one or more of which are present in the nucleus of eukaryotic cells. It is rich in RNA and protein, is not bounded by a limiting membrane, and is not seen during mitosis. Its prime function is the transcription of the nucleolar DNA into 45S ribosomal-precursor RNA, the processing of this RNA into 5.8S, 18S, and 28S components of ribosomal RNA, and the association of these components with 5S RNA and proteins synthesized outside the nucleolus. This association results in the formation of ribonucleoprotein precursors; these pass into the cytoplasm and mature into the 40S and 60S subunits of the ribosome."" [ISBN:0198506732]",116,1312,38,9569,0.0289634146341463,0.3275862068965517,query_1,"['GO:0031981', 'GO:0043232']",dimgrey
GO:BP,GO:0043412,macromolecule modification,1.631165205965944e-05,True,"""The covalent alteration of one or more monomeric units in a polypeptide, polynucleotide, polysaccharide, or other biological macromolecule, resulting in a change in its properties."" [GOC:go_curators]",2295,1607,350,13630,0.2177971375233354,0.1525054466230936,query_1,['GO:0043170'],dimgrey
GO:MF,GO:0003676,nucleic acid binding,1.7656933164090777e-05,True,"""Binding to a nucleic acid."" [GOC:jl]",3667,1904,486,17687,0.2552521008403361,0.132533406053995,query_1,['GO:0097159'],dimgrey
GO:BP,GO:0043170,macromolecule metabolic process,2.021778495417137e-05,True,"""The chemical reactions and pathways involving macromolecules, any molecule of high relative molecular mass, the structure of which essentially comprises the multiple repetition of units derived, actually or conceptually, from molecules of low relative molecular mass."" [GOC:mah]",6844,1607,909,13630,0.5656502800248911,0.1328170660432495,query_1,['GO:0008152'],dimgrey
GO:BP,GO:0006139,nucleobase-containing compound metabolic process,2.2253364170000645e-05,True,"""Any cellular metabolic process involving nucleobases, nucleosides, nucleotides and nucleic acids."" [GOC:ai]",3553,1607,510,13630,0.3173615432482887,0.1435406698564593,query_1,['GO:0044238'],dimgrey
GO:BP,GO:0009628,response to abiotic stimulus,2.363271376310264e-05,True,"""Any process that results in a change in state or activity of a cell or an organism (in terms of movement, secretion, enzyme production, gene expression, etc.) as a result of an abiotic (not derived from living organisms) stimulus."" [GOC:hb]",497,1607,100,13630,0.0622277535780958,0.2012072434607646,query_1,['GO:0050896'],dimgrey
GO:CC,GO:0031981,nuclear lumen,4.911502882888474e-05,True,"""The volume enclosed by the nuclear inner membrane."" [GOC:mah, GOC:pz]",294,1312,72,9569,0.0548780487804878,0.2448979591836734,query_1,"['GO:0005634', 'GO:0070013']",dimgrey
GO:BP,GO:0016070,RNA metabolic process,5.63798263328872e-05,True,"""The cellular chemical reactions and pathways involving RNA, ribonucleic acid, one of the two main type of nucleic acid, consisting of a long, unbranched macromolecule formed from ribonucleotides joined in 3',5'-phosphodiester linkage."" [ISBN:0198506732]",2825,1607,415,13630,0.2582451773490977,0.1469026548672566,query_1,['GO:0090304'],dimgrey
GO:BP,GO:0009266,response to temperature stimulus,0.0001117243080119,True,"""Any process that results in a change in state or activity of a cell or an organism (in terms of movement, secretion, enzyme production, gene expression, etc.) as a result of a temperature stimulus."" [GOC:hb]",162,1607,43,13630,0.0267579340385812,0.2654320987654321,query_1,['GO:0009628'],dimgrey
GO:BP,GO:0051641,cellular localization,0.000114621572522,True,"""A cellular localization process whereby a substance or cellular entity, such as a protein complex or organelle, is transported to, and/or maintained in, a specific location within a cell including the localization of substances or cellular entities to the cell membrane."" [GOC:tb, GOC:vw]",694,1607,127,13630,0.0790292470441817,0.1829971181556196,query_1,"['GO:0009987', 'GO:0051179']",dimgrey
GO:BP,GO:0016192,vesicle-mediated transport,0.0001240895714329,True,"""A cellular transport process in which transported substances are moved in membrane-bounded vesicles; transported substances are enclosed in the vesicle lumen or located in the vesicle membrane. The process begins with a step that directs a substance to the forming vesicle, and includes vesicle budding and coating. Vesicles are then targeted to, and fuse with, an acceptor membrane."" [GOC:ai, GOC:mah, ISBN:08789310662000]",365,1607,77,13630,0.0479153702551337,0.210958904109589,query_1,"['GO:0006810', 'GO:0009987']",dimgrey
GO:MF,GO:0051082,unfolded protein binding,0.0001528353804755,True,"""Binding to an unfolded protein."" [GOC:ai]",106,1904,30,17687,0.0157563025210084,0.2830188679245283,query_1,['GO:0005515'],dimgrey
GO:BP,GO:0090304,nucleic acid metabolic process,0.000160112928139,True,"""Any cellular metabolic process involving nucleic acids."" [GOC:dph, GOC:tb]",3173,1607,456,13630,0.2837585563161169,0.1437125748502994,query_1,"['GO:0006139', 'GO:0043170']",dimgrey
GO:CC,GO:0005783,endoplasmic reticulum,0.0002082001565635,True,"""The irregular network of unit membranes, visible only by electron microscopy, that occurs in the cytoplasm of many eukaryotic cells. The membranes form a complex meshwork of tubular channels, which are often expanded into slitlike cavities called cisternae. The ER takes two forms, rough (or granular), with ribosomes adhering to the outer surface, and smooth (with no ribosomes attached)."" [ISBN:0198506732]",412,1312,91,9569,0.0693597560975609,0.220873786407767,query_1,"['GO:0005737', 'GO:0012505', 'GO:0043231']",dimgrey
GO:CC,GO:0097708,intracellular vesicle,0.000239309133783,True,"""Any vesicle that is part of the intracellular region."" [GOC:vesicles]",235,1312,59,9569,0.0449695121951219,0.251063829787234,query_1,"['GO:0031982', 'GO:0043231']",dimgrey
GO:CC,GO:0031410,cytoplasmic vesicle,0.000239309133783,True,"""A vesicle found in the cytoplasm of a cell."" [GOC:ai, GOC:mah, GOC:vesicles]",235,1312,59,9569,0.0449695121951219,0.251063829787234,query_1,"['GO:0005737', 'GO:0097708']",dimgrey
GO:BP,GO:0044238,primary metabolic process,0.000251255284218,True,"""The chemical reactions and pathways involving those compounds which are formed as a part of the normal anabolic and catabolic processes. These processes take place in most, if not all, cells of the organism."" [GOC:go_curators]",8493,1607,1091,13630,0.6789047915370255,0.128458730719416,query_1,['GO:0008152'],dimgrey
GO:CC,GO:0005794,Golgi apparatus,0.0002585813985037,True,"""A membrane-bound cytoplasmic organelle of the endomembrane system that further processes the core oligosaccharides (e.g. N-glycans) added to proteins in the endoplasmic reticulum and packages them into membrane-bound vesicles. The Golgi apparatus operates at the intersection of the secretory, lysosomal, and endocytic pathways."" [ISBN:0198506732]",391,1312,87,9569,0.0663109756097561,0.2225063938618925,query_1,"['GO:0005737', 'GO:0012505', 'GO:0043231']",dimgrey
GO:CC,GO:0032991,protein-containing complex,0.0003490623361239,True,"""A stable assembly of two or more macromolecules, i.e. proteins, nucleic acids, carbohydrates or lipids, in which at least one component is a protein and the constituent parts function together."" [GOC:dos, GOC:mah]",2098,1312,353,9569,0.2690548780487805,0.1682554814108675,query_1,['GO:0005575'],dimgrey
GO:CC,GO:1990234,transferase complex,0.0003569816946837,True,"""A protein complex capable of catalyzing the transfer of a group, e.g. a methyl group, glycosyl group, acyl group, phosphorus-containing, or other groups, from one compound (generally regarded as the donor) to another compound (generally regarded as the acceptor)."" [GOC:bhm, PMID:16540464]",371,1312,83,9569,0.0632621951219512,0.2237196765498652,query_1,['GO:1902494'],dimgrey
GO:CC,GO:0005681,spliceosomal complex,0.0004252913593113,True,"""Any of a series of ribonucleoprotein complexes that contain snRNA(s) and small nuclear ribonucleoproteins (snRNPs), and are formed sequentially during the spliceosomal splicing of one or more substrate RNAs, and which also contain the RNA substrate(s) from the initial target RNAs of splicing, the splicing intermediate RNA(s), to the final RNA products. During cis-splicing, the initial target RNA is a single, contiguous RNA transcript, whether mRNA, snoRNA, etc., and the released products are a spliced RNA and an excised intron, generally as a lariat structure. During trans-splicing, there are two initial substrate RNAs, the spliced leader RNA and a pre-mRNA."" [GOC:editors, GOC:mah, ISBN:0198547684, PMID:19239890]",79,1312,27,9569,0.0205792682926829,0.3417721518987341,query_1,"['GO:0140513', 'GO:1990904']",dimgrey
GO:CC,GO:0031982,vesicle,0.0007083416959429,True,"""Any small, fluid-filled, spherical organelle enclosed by membrane."" [GOC:mah, GOC:pz, GOC:vesicles]",248,1312,60,9569,0.0457317073170731,0.2419354838709677,query_1,['GO:0043227'],dimgrey
GO:BP,GO:0070727,cellular macromolecule localization,0.0007292267484184,True,"""Any process in which a macromolecule is transported to, and/or maintained in, a specific location at the level of a cell. Localization at the cellular level encompasses movement within the cell, from within the cell to the cell surface, or from one location to another at the surface of a cell."" [GOC:mah]",546,1607,102,13630,0.0634723086496577,0.1868131868131868,query_1,"['GO:0033036', 'GO:0051641']",dimgrey
GO:BP,GO:0016072,rRNA metabolic process,0.0008019655440777,True,"""The chemical reactions and pathways involving rRNA, ribosomal RNA, a structural constituent of ribosomes."" [ISBN:0198506732]",145,1607,38,13630,0.0236465463596764,0.2620689655172414,query_1,['GO:0016070'],dimgrey
GO:BP,GO:0006457,protein folding,0.0010202952517983,True,"""The process of assisting in the covalent and noncovalent assembly of single chain polypeptides or multisubunit complexes into the correct tertiary structure."" [GOC:go_curators, GOC:rb]",192,1607,46,13630,0.028624766645924,0.2395833333333333,query_1,"['GO:0009987', 'GO:0051604']",dimgrey
GO:CC,GO:0005768,endosome,0.0010351699468129,True,"""A vacuole to which materials ingested by endocytosis are delivered."" [ISBN:0198506732, PMID:19696797]",135,1312,38,9569,0.0289634146341463,0.2814814814814815,query_1,"['GO:0012505', 'GO:0031410']",dimgrey
GO:MF,GO:0003729,mRNA binding,0.0010819028351715,True,"""Binding to messenger RNA (mRNA), an intermediate molecule between DNA and protein. mRNA includes UTR and coding sequences, but does not contain introns."" [GOC:kmv, GOC:pr, SO:0000234]",145,1904,35,17687,0.0183823529411764,0.2413793103448276,query_1,['GO:0003723'],dimgrey
GO:BP,GO:0008104,protein localization,0.001100201613705,True,"""Any process in which a protein is transported to, or maintained in, a specific location."" [GOC:ai]",544,1607,101,13630,0.0628500311138767,0.1856617647058823,query_1,['GO:0070727'],dimgrey
GO:BP,GO:0006364,rRNA processing,0.0029032259882763,True,"""Any process involved in the conversion of a primary ribosomal RNA (rRNA) transcript into one or more mature rRNA molecules."" [GOC:curators]",141,1607,36,13630,0.0224019912881145,0.2553191489361702,query_1,"['GO:0006396', 'GO:0016072', 'GO:0042254']",dimgrey
GO:BP,GO:0006360,transcription by RNA polymerase I,0.0055689726541442,True,"""The synthesis of RNA from a DNA template by RNA polymerase I (RNAP I), originating at an RNAP I promoter."" [GOC:jl, GOC:txnOH]",18,1607,10,13630,0.0062227753578095,0.5555555555555556,query_1,['GO:0006351'],dimgrey
GO:MF,GO:0008270,zinc ion binding,0.0057750565043611,True,"""Binding to a zinc ion (Zn)."" [GOC:ai]",693,1904,110,17687,0.0577731092436974,0.1587301587301587,query_1,['GO:0046914'],dimgrey
GO:BP,GO:0034605,cellular response to heat,0.0065901979839023,True,"""Any process that results in a change in state or activity of a cell (in terms of movement, secretion, enzyme production, gene expression, etc.) as a result of a heat stimulus, a temperature stimulus above the optimal temperature for that organism."" [GOC:mah]",42,1607,16,13630,0.0099564405724953,0.3809523809523809,query_1,"['GO:0009408', 'GO:0033554']",dimgrey
GO:BP,GO:0043687,post-translational protein modification,0.0066600165830625,True,"""The process of covalently altering one or more amino acids in a protein after the protein has been completely translated and released from the ribosome."" [GOC:jsg]",357,1607,70,13630,0.043559427504667,0.196078431372549,query_1,['GO:0036211'],dimgrey
GO:BP,GO:0009987,cellular process,0.0070218665377932,True,"""Any process that is carried out at the cellular level, but not necessarily restricted to a single cell. For example, cell communication occurs among more than one cell, but occurs at the cellular level."" [GOC:go_curators, GOC:isa_complete]",12417,1607,1508,13630,0.9383945239576852,0.1214464041233792,query_1,['GO:0008150'],dimgrey
GO:CC,GO:0005634,nucleus,0.0072903859062254,True,"""A membrane-bounded organelle of eukaryotic cells in which chromosomes are housed and replicated. In most cells, the nucleus contains all of the cell's chromosomes except the organellar chromosomes, and is the site of RNA synthesis and processing. In some species, or in specialized cell types, RNA metabolism or DNA replication may be absent."" [GOC:go_curators]",2622,1312,419,9569,0.3193597560975609,0.1598016781083142,query_1,['GO:0043231'],dimgrey
GO:CC,GO:0031984,organelle subcompartment,0.007804359772303,True,"""A compartment that consists of a lumen and an enclosing membrane, and is part of an organelle."" [GOC:mah, GOC:pz]",290,1312,64,9569,0.048780487804878,0.2206896551724138,query_1,"['GO:0043227', 'GO:0043229', 'GO:0110165']",dimgrey
GO:MF,GO:0005488,binding,0.0093379208341317,True,"""The selective, non-covalent, often stoichiometric, interaction of a molecule with one or more specific sites on another molecule."" [GOC:ceb, GOC:mah, ISBN:0198506732]",11692,1904,1337,17687,0.7022058823529411,0.1143516934656175,query_1,['GO:0003674'],dimgrey
GO:BP,GO:0070647,protein modification by small protein conjugation or removal,0.0099747514667859,True,"""A protein modification process in which one or more groups of a small protein, such as ubiquitin or a ubiquitin-like protein, are covalently attached to or removed from a target protein."" [GOC:mah]",348,1607,68,13630,0.0423148724331051,0.1954022988505747,query_1,['GO:0043687'],dimgrey
GO:BP,GO:0022613,ribonucleoprotein complex biogenesis,0.0111683046327529,True,"""A cellular process that results in the biosynthesis of constituent macromolecules, assembly, and arrangement of constituent parts of a complex containing RNA and proteins. Includes the biosynthesis of the constituent RNA and protein molecules, and those macromolecular modifications that are involved in synthesis or assembly of the ribonucleoprotein complex."" [GOC:isa_complete, GOC:mah]",310,1607,62,13630,0.0385812072184194,0.2,query_1,['GO:0044085'],dimgrey
GO:BP,GO:0070646,protein modification by small protein removal,0.012790683531679,True,"""A protein modification process in which one or more covalently attached groups of a small protein, such as ubiquitin or a ubiquitin-like protein, are removed from a target protein."" [GOC:mah]",58,1607,19,13630,0.0118232731798382,0.3275862068965517,query_1,['GO:0070647'],dimgrey
GO:MF,GO:0019783,ubiquitin-like protein peptidase activity,0.0133335988223519,True,"""An isopeptidase activity that cleaves ubiquitin or ubiquitin-like proteins (ULP; e.g. ATG8, ISG15, NEDD8, SUMO) from target proteins."" [PMID:19489724]",55,1904,17,17687,0.0089285714285714,0.3090909090909091,query_1,['GO:0008233'],dimgrey
GO:MF,GO:0003697,single-stranded DNA binding,0.0135754894720802,True,"""Binding to single-stranded DNA."" [GOC:elh, GOC:vw, PMID:22976174]",40,1904,14,17687,0.0073529411764705,0.35,query_1,['GO:0003677'],dimgrey
GO:BP,GO:0009651,response to salt stress,0.0161891070973484,True,"""Any process that results in a change in state or activity of a cell or an organism (in terms of movement, secretion, enzyme production, gene expression, etc.) as a result of a stimulus indicating an increase or decrease in the concentration of salt (particularly but not exclusively sodium and chloride ions) in the environment."" [GOC:jl]",95,1607,26,13630,0.0161792159303049,0.2736842105263158,query_1,['GO:0006970'],dimgrey
GO:BP,GO:0045184,establishment of protein localization,0.0176980328483136,True,"""The directed movement of a protein to a specific location."" [GOC:bf]",496,1607,89,13630,0.0553827006845052,0.1794354838709677,query_1,"['GO:0008104', 'GO:0051234']",dimgrey
GO:MF,GO:0004843,cysteine-type deubiquitinase activity,0.0182366997447452,True,"""An thiol-dependent isopeptidase activity that cleaves ubiquitin from a target protein to which it is conjugated."" [GOC:jh2, PMID:30783221]",51,1904,16,17687,0.0084033613445378,0.3137254901960784,query_1,"['GO:0008234', 'GO:0101005']",dimgrey
GO:BP,GO:0010608,post-transcriptional regulation of gene expression,0.0198617495857257,True,"""Any process that modulates the frequency, rate or extent of gene expression after the production of an RNA transcript."" [GOC:dph, GOC:tb]",80,1607,23,13630,0.014312383322962,0.2875,query_1,['GO:0010468'],dimgrey
GO:MF,GO:0016896,"RNA exonuclease activity, producing 5'-phosphomonoesters",0.021140253055235,True,"""Catalysis of the hydrolysis of ester linkages within ribonucleic acids by removing nucleotide residues from the 3' or 5' end to yield 5' phosphomonoesters."" [GOC:ai]",19,1904,9,17687,0.0047268907563025,0.4736842105263157,query_1,"['GO:0004532', 'GO:0016796']",dimgrey
GO:MF,GO:0004532,RNA exonuclease activity,0.021140253055235,True,"""Catalysis of the sequential cleavage of mononucleotides from a free 5' or 3' terminus of an RNA molecule."" [GOC:mah, ISBN:0198547684]",19,1904,9,17687,0.0047268907563025,0.4736842105263157,query_1,"['GO:0004527', 'GO:0004540']",dimgrey
GO:BP,GO:0006383,transcription by RNA polymerase III,0.0211615053345146,True,"""The synthesis of RNA from a DNA template by RNA polymerase III, originating at an RNAP III promoter."" [GOC:jl, GOC:txnOH, PMID:12381659]",28,1607,12,13630,0.0074673304293715,0.4285714285714285,query_1,['GO:0006351'],dimgrey
GO:MF,GO:0016779,nucleotidyltransferase activity,0.0221321363603907,True,"""Catalysis of the transfer of a nucleotidyl group from one compound (donor) to another (acceptor)."" [EC:2.7.7.-]",172,1904,36,17687,0.01890756302521,0.2093023255813953,query_1,['GO:0016772'],dimgrey
GO:MF,GO:0101005,deubiquitinase activity,0.0237322476162336,True,"""An isopeptidase activity that cleaves ubiquitin from a target protein to which it is conjugated."" [GOC:mec, PMID:30783221]",52,1904,16,17687,0.0084033613445378,0.3076923076923077,query_1,['GO:0019783'],dimgrey
GO:CC,GO:0098791,Golgi apparatus subcompartment,0.02474721690455,True,"""A compartment that consists of a lumen and an enclosing membrane, and is part of the Golgi apparatus."" [GOC:dos]",112,1312,30,9569,0.0228658536585365,0.2678571428571428,query_1,"['GO:0005794', 'GO:0031984']",dimgrey
GO:CC,GO:0101031,protein folding chaperone complex,0.025292390484141,True,"""A protein complex required for the non-covalent folding or unfolding, maturation, stabilization or assembly or disassembly of macromolecular structures. Usually active during or immediately after completion of translation. Many chaperone complexes contain heat shock proteins."" [GOC:bhm, PMID:21855797]",11,1312,7,9569,0.0053353658536585,0.6363636363636364,query_1,['GO:0140535'],dimgrey
GO:MF,GO:0140640,"catalytic activity, acting on a nucleic acid",0.0277454661519739,True,"""Catalytic activity that acts to modify a nucleic acid."" [GOC:pg]",680,1904,105,17687,0.0551470588235294,0.1544117647058823,query_1,['GO:0003824'],dimgrey
GO:BP,GO:0006511,ubiquitin-dependent protein catabolic process,0.0279457699745172,True,"""The chemical reactions and pathways resulting in the breakdown of a protein or peptide by hydrolysis of its peptide bonds, initiated by the covalent attachment of a ubiquitin group, or multiple ubiquitin groups, to the protein."" [GOC:go_curators]",280,1607,56,13630,0.0348475420037336,0.2,query_1,['GO:0019941'],dimgrey
GO:CC,GO:0005829,cytosol,0.0337149335053141,True,"""The part of the cytoplasm that does not contain organelles but which does contain other particulate matter, such as protein complexes."" [GOC:hjd, GOC:jl]",750,1312,136,9569,0.1036585365853658,0.1813333333333333,query_1,"['GO:0005737', 'GO:0110165']",dimgrey
GO:CC,GO:1902494,catalytic complex,0.0353922341217305,True,"""A protein complex which is capable of catalytic activity."" [GOC:bhm, GOC:TermGenie, PMID:8077207]",738,1312,134,9569,0.1021341463414634,0.1815718157181571,query_1,['GO:0032991'],dimgrey
GO:BP,GO:0033036,macromolecule localization,0.0359232301425642,True,"""Any process in which a macromolecule is transported to, or maintained in, a specific location."" [GOC:mah]",689,1607,115,13630,0.0715619166148102,0.1669085631349782,query_1,['GO:0051179'],dimgrey
GO:BP,GO:0000422,autophagy of mitochondrion,0.0372458274842972,True,"""The autophagic process in which mitochondria are delivered to a type of vacuole and degraded in response to changing cellular conditions."" [GOC:autophagy, PMID:15798367, PMID:19289147, PMID:23065344]",8,1607,6,13630,0.0037336652146857,0.75,query_1,['GO:0006914'],dimgrey
GO:BP,GO:0010498,proteasomal protein catabolic process,0.037601425343987,True,"""The chemical reactions and pathways resulting in the breakdown of a protein or peptide by hydrolysis of its peptide bonds that is mediated by the proteasome."" [GOC:tb]",122,1607,30,13630,0.0186683260734287,0.2459016393442623,query_1,"['GO:0030163', 'GO:0051603']",dimgrey
GO:BP,GO:0046907,intracellular transport,0.0384244441034723,True,"""The directed movement of substances within a cell."" [GOC:ai]",444,1607,80,13630,0.0497822028624766,0.1801801801801801,query_1,"['GO:0006810', 'GO:0051641', 'GO:0051649']",dimgrey
GO:BP,GO:0015031,protein transport,0.0411379232093253,True,"""The directed movement of proteins into, out of or within a cell, or between cells, by means of some agent such as a transporter or pore."" [GOC:ai]",438,1607,79,13630,0.0491599253266957,0.1803652968036529,query_1,"['GO:0045184', 'GO:0071705']",dimgrey
GO:BP,GO:0051649,establishment of localization in cell,0.0457178317103409,True,"""Any process, occurring in a cell, that localizes a substance or cellular component. This may occur via movement, tethering or selective degradation."" [GOC:ai, GOC:dos, GOC:dph, GOC:tb]",460,1607,82,13630,0.0510267579340385,0.1782608695652174,query_1,"['GO:0051234', 'GO:0051641']",dimgrey
GO:CC,GO:0032040,small-subunit processome,0.0471266367781407,True,"""A large ribonucleoprotein complex that is an early preribosomal complex. In S. cerevisiae, it has a size of 80S and consists of the 35S pre-rRNA, early-associating ribosomal proteins most of which are part of the small ribosomal subunit, the U3 snoRNA and associated proteins."" [GOC:krc, GOC:vw, PMID:12068309, PMID:12957375, PMID:15120992, PMID:15590835]",30,1312,12,9569,0.0091463414634146,0.4,query_1,['GO:0030684'],dimgrey
GO:MF,GO:0016796,"exonuclease activity, active with either ribo- or deoxyribonucleic acids and producing 5'-phosphomonoesters",0.0477896675681556,True,"""Catalysis of the hydrolysis of ester linkages within nucleic acids by removing nucleotide residues from the 3' or 5' end to yield 5' phosphomonoesters."" [GOC:mah]",25,1904,10,17687,0.0052521008403361,0.4,query_1,['GO:0004527'],dimgrey
GO:BP,GO:0030490,maturation of SSU-rRNA,0.0480018120282517,True,"""Any process involved in the maturation of a precursor Small SubUnit (SSU) ribosomal RNA (rRNA) molecule into a mature SSU-rRNA molecule."" [GOC:curators]",30,1607,12,13630,0.0074673304293715,0.4,query_1,"['GO:0006364', 'GO:0042274']",dimgrey
GO:CC,GO:0042651,thylakoid membrane,0.0080909448161941,True,"""The pigmented membrane of any thylakoid."" [GOC:jl, GOC:pr]",205,84,9,9569,0.1071428571428571,0.0439024390243902,query_1,['GO:0034357'],firebrick
GO:CC,GO:0042170,plastid membrane,0.017626651398084,True,"""Either of the lipid bilayers that surround a plastid and form the plastid envelope."" [GOC:mah]",227,84,9,9569,0.1071428571428571,0.039647577092511,query_1,"['GO:0009526', 'GO:0031090']",firebrick
GO:CC,GO:0034357,photosynthetic membrane,0.0351641308066353,True,"""A membrane enriched in complexes formed of reaction centers, accessory pigments and electron carriers, in which photosynthetic reactions take place."" [GOC:ds, GOC:mah]",249,84,9,9569,0.1071428571428571,0.036144578313253,query_1,"['GO:0009579', 'GO:0016020']",firebrick
GO:CC,GO:0009526,plastid envelope,0.0412279168165943,True,"""The double lipid bilayer enclosing a plastid and separating its contents from the rest of the cytoplasm; includes the intermembrane space."" [GOC:jy]",311,84,10,9569,0.119047619047619,0.0321543408360128,query_1,"['GO:0009536', 'GO:0031967']",firebrick
GO:BP,GO:0006571,tyrosine biosynthetic process,0.0088972210825159,True,"""The chemical reactions and pathways resulting in the formation of tyrosine, an aromatic amino acid, 2-amino-3-(4-hydroxyphenyl)propanoic acid."" [GOC:sm]",6,127,3,13630,0.0236220472440944,0.5,query_1,"['GO:0006570', 'GO:0009095', 'GO:1902223']",lawngreen
GO:CC,GO:0022626,cytosolic ribosome,1.828143681835096e-07,True,"""A ribosome located in the cytosol."" [GOC:mtg_sensu]",187,263,23,9569,0.0874524714828897,0.1229946524064171,query_1,"['GO:0005829', 'GO:0005840']",lightcoral
GO:CC,GO:0005829,cytosol,3.305939762683309e-07,True,"""The part of the cytoplasm that does not contain organelles but which does contain other particulate matter, such as protein complexes."" [GOC:hjd, GOC:jl]",750,263,50,9569,0.1901140684410646,0.0666666666666666,query_1,"['GO:0005737', 'GO:0110165']",lightcoral
GO:CC,GO:0044391,ribosomal subunit,5.504382830356109e-05,True,"""Either of the two subunits of a ribosome: the ribosomal large subunit or the ribosomal small subunit."" [GOC:jl]",253,263,23,9569,0.0874524714828897,0.0909090909090909,query_1,"['GO:0005840', 'GO:1990904']",lightcoral
GO:CC,GO:0022625,cytosolic large ribosomal subunit,0.0001441154442891,True,"""The large subunit of a ribosome located in the cytosol."" [GOC:mtg_sensu]",122,263,15,9569,0.0570342205323193,0.1229508196721311,query_1,"['GO:0015934', 'GO:0022626']",lightcoral
GO:CC,GO:0005737,cytoplasm,0.0007486837678428,True,"""The contents of a cell excluding the plasma membrane and nucleus, but including other subcellular structures."" [ISBN:0198547684]",4062,263,147,9569,0.55893536121673,0.0361890694239291,query_1,"['GO:0005622', 'GO:0110165']",lightcoral
GO:BP,GO:0046653,tetrahydrofolate metabolic process,0.0009591663483838,True,"""The chemical reactions and pathways involving tetrahydrofolate, 5,6,7,8-tetrahydrofolic acid, a folate derivative bearing additional hydrogens on the pterin group."" [ISBN:0198506732]",17,327,6,13630,0.018348623853211,0.3529411764705882,query_1,['GO:0006760'],lightcoral
GO:BP,GO:0046655,folic acid metabolic process,0.0028276682034821,True,"""The chemical reactions and pathways involving folic acid, pteroylglutamic acid. Folic acid is widely distributed as a member of the vitamin B complex and is essential for the synthesis of purine and pyrimidines."" [ISBN:0198506732]",12,327,5,13630,0.0152905198776758,0.4166666666666667,query_1,"['GO:0006760', 'GO:0006767', 'GO:0043603', 'GO:0043648']",lightcoral
GO:CC,GO:0015934,large ribosomal subunit,0.0028301653792673,True,"""The larger of the two subunits of a ribosome. Two sites on the ribosomal large subunit are involved in translation, namely the aminoacyl site (A site) and peptidyl site (P site)."" [ISBN:0198506732]",155,263,15,9569,0.0570342205323193,0.0967741935483871,query_1,['GO:0044391'],lightcoral
GO:BP,GO:0006412,translation,0.0030709788476102,True,"""The cellular metabolic process in which a protein is formed, using the sequence of a mature mRNA or circRNA molecule to specify the sequence of amino acids in a polypeptide chain. Translation is mediated by the ribosome, and begins with the formation of a ternary complex between aminoacylated initiator methionine tRNA, GTP, and initiation factor 2, which subsequently associates with the small subunit of the ribosome and an mRNA or circRNA. Translation ends with the release of a polypeptide chain from the ribosome."" [GOC:go_curators]",619,327,34,13630,0.1039755351681957,0.0549273021001615,query_1,"['GO:0009059', 'GO:0010467', 'GO:0019538']",lightcoral
GO:BP,GO:0006760,folic acid-containing compound metabolic process,0.0090500914987279,True,"""The chemical reactions and pathways involving a folic acid-containing compound, i.e. any of a group of heterocyclic compounds based on the pteroic acid skeleton conjugated with one or more L-glutamic acid or L-glutamate units."" [GOC:ai, GOC:mah]",24,327,6,13630,0.018348623853211,0.25,query_1,"['GO:0006575', 'GO:0042558']",lightcoral
GO:BP,GO:0016109,tetraterpenoid biosynthetic process,0.0101030440721461,True,"""The chemical reactions and pathways resulting in the formation of tetraterpenoid compounds, terpenoids with eight isoprene units."" [GOC:go_curators]",15,327,5,13630,0.0152905198776758,0.3333333333333333,query_1,"['GO:0016108', 'GO:0016114']",lightcoral
GO:BP,GO:0016117,carotenoid biosynthetic process,0.0101030440721461,True,"""The chemical reactions and pathways resulting in the formation of carotenoids, tetraterpenoid compounds in which two units of 4 isoprenoid residues joined head-to-tail are themselves joined tail-to-tail."" [GOC:go_curators]",15,327,5,13630,0.0152905198776758,0.3333333333333333,query_1,"['GO:0016109', 'GO:0016116', 'GO:0046148']",lightcoral
GO:BP,GO:0042558,pteridine-containing compound metabolic process,0.0148657867486564,True,"""The chemical reactions and pathways involving any compound containing pteridine (pyrazino(2,3-dipyrimidine)), e.g. pteroic acid, xanthopterin and folic acid."" [GOC:jl, ISBN:0198506732]",26,327,6,13630,0.018348623853211,0.2307692307692307,query_1,['GO:0008152'],lightcoral
GO:CC,GO:0005622,intracellular anatomical structure,0.019112034230821,True,"""A component of a cell contained within (but not including) the plasma membrane. In eukaryotes it includes the nucleus and cytoplasm."" [ISBN:0198506732]",6855,263,214,9569,0.8136882129277566,0.0312180889861415,query_1,['GO:0110165'],lightcoral
GO:BP,GO:0006730,one-carbon metabolic process,0.0200108824239773,True,"""The chemical reactions and pathways involving the transfer of one-carbon units in various oxidation states."" [GOC:hjd, GOC:mah, GOC:pde]",17,327,5,13630,0.0152905198776758,0.2941176470588235,query_1,['GO:0044281'],lightcoral
GO:CC,GO:1990904,ribonucleoprotein complex,0.0205486781061879,True,"""A macromolecular complex that contains both RNA and protein molecules."" [GOC:krc, GOC:vesicles]",512,263,29,9569,0.1102661596958174,0.056640625,query_1,['GO:0032991'],lightcoral
GO:BP,GO:0009640,photomorphogenesis,0.023360773443488,True,"""The control of plant growth, development, and differentiation by the duration and nature of light, independent of photosynthesis."" [GOC:lr]",28,327,6,13630,0.018348623853211,0.2142857142857142,query_1,"['GO:0009639', 'GO:0009791']",lightcoral
GO:MF,GO:0003735,structural constituent of ribosome,0.029867255222997,True,"""The action of a molecule that contributes to the structural integrity of the ribosome."" [GOC:mah]",450,406,24,17687,0.0591133004926108,0.0533333333333333,query_1,['GO:0005198'],lightcoral
GO:CC,GO:0022627,cytosolic small ribosomal subunit,0.0306604370873823,True,"""The small subunit of a ribosome located in the cytosol."" [GOC:mtg_sensu]",61,263,8,9569,0.0304182509505703,0.1311475409836065,query_1,"['GO:0015935', 'GO:0022626']",lightcoral
GO:BP,GO:0016108,tetraterpenoid metabolic process,0.0361458789259624,True,"""The chemical reactions and pathways involving tetraterpenoid compounds, terpenoids with eight isoprene units."" [ISBN:0198547684]",19,327,5,13630,0.0152905198776758,0.2631578947368421,query_1,['GO:0006721'],lightcoral
GO:BP,GO:0016116,carotenoid metabolic process,0.0361458789259624,True,"""The chemical reactions and pathways involving carotenoids, tetraterpenoid compounds in which two units of 4 isoprenoid residues joined head-to-tail are themselves joined tail-to-tail."" [ISBN:0198547684]",19,327,5,13630,0.0152905198776758,0.2631578947368421,query_1,['GO:0016108'],lightcoral
GO:BP,GO:0035999,tetrahydrofolate interconversion,0.0499672322423527,True,"""The chemical reactions and pathways by which one-carbon (C1) units are transferred between tetrahydrofolate molecules, to synthesize other tetrahydrofolate molecules."" [GOC:yaf, PMID:1825999]",11,327,4,13630,0.0122324159021406,0.3636363636363636,query_1,"['GO:0006730', 'GO:0046653']",lightcoral
GO:MF,GO:0016814,"hydrolase activity, acting on carbon-nitrogen (but not peptide) bonds, in cyclic amidines",0.0364739414667496,True,"""Catalysis of the hydrolysis of any non-peptide carbon-nitrogen bond in a cyclic amidine, a compound of the form R-C(=NH)-NH2."" [EC:3.5.4.-]",18,23,2,17687,0.0869565217391304,0.1111111111111111,query_1,['GO:0016810'],lightgreen
GO:MF,GO:0016810,"hydrolase activity, acting on carbon-nitrogen (but not peptide) bonds",0.0390299874113115,True,"""Catalysis of the hydrolysis of any carbon-nitrogen bond, C-N, with the exception of peptide bonds."" [EC:3.5.-.-]",97,23,3,17687,0.1304347826086956,0.0309278350515463,query_1,['GO:0016787'],lightgreen
GO:CC,GO:0010005,"cortical microtubule, transverse to long axis",0.0079256778847193,True,"""Arrays of microtubules underlying and connected to the plasma membrane, in the cortical cytosol, oriented mainly with their axes transverse to the long axis of the cell (and root in plants). In plants it influences the direction of cellulose microfibril deposition."" [ISBN:0943088399]",4,37,2,9569,0.054054054054054,0.5,query_1,['GO:0055028'],olive
GO:CC,GO:0055028,cortical microtubule,0.0131772607153179,True,"""Arrays of microtubules underlying and connected to the plasma membrane in the cortical cytosol."" [GOC:mtg_sensu]",5,37,2,9569,0.054054054054054,0.4,query_1,"['GO:0005881', 'GO:0030981']",olive
GO:CC,GO:0030981,cortical microtubule cytoskeleton,0.019717716172341,True,"""The portion of the microtubule cytoskeleton that lies just beneath the plasma membrane."" [GOC:mah]",6,37,2,9569,0.054054054054054,0.3333333333333333,query_1,"['GO:0015630', 'GO:0030863']",olive
GO:MF,GO:0022857,transmembrane transporter activity,0.0203102423423322,True,"""Enables the transfer of a substance, usually a specific substance or a group of related substances, from one side of a membrane to the other."" [GOC:jid, GOC:mtg_transport, ISBN:0815340729]",1253,48,12,17687,0.25,0.0095770151636073,query_1,['GO:0005215'],olive
GO:MF,GO:0005215,transporter activity,0.0258364247033525,True,"""Enables the directed movement of substances (such as macromolecules, small molecules, ions) into, out of or within a cell, accross or in between cells."" [GOC:ai, GOC:dgf]",1285,48,12,17687,0.25,0.0093385214007782,query_1,['GO:0003674'],olive
GO:CC,GO:0071944,cell periphery,0.0267982936873725,True,"""The broad region around and including the plasma membrane of a cell, encompassing the cell cortex (inside the cell), the plasma membrane, and any external encapsulating structures."" [GOC:pdt]",1019,37,12,9569,0.3243243243243243,0.0117762512266928,query_1,['GO:0110165'],olive
GO:CC,GO:0005881,cytoplasmic microtubule,0.0275375375164191,True,"""Any microtubule in the cytoplasm of a cell."" [GOC:mah]",7,37,2,9569,0.054054054054054,0.2857142857142857,query_1,"['GO:0005737', 'GO:0005874']",olive
GO:CC,GO:0030863,cortical cytoskeleton,0.0366272688420697,True,"""The portion of the cytoskeleton that lies just beneath the plasma membrane."" [GOC:mah]",8,37,2,9569,0.054054054054054,0.25,query_1,"['GO:0005856', 'GO:0005938']",olive
GO:BP,GO:0070887,cellular response to chemical stimulus,0.0011821244937196,True,"""Any process that results in a change in state or activity of a cell (in terms of movement, secretion, enzyme production, gene expression, etc.) as a result of a chemical stimulus."" [GOC:mah]",492,87,14,13630,0.160919540229885,0.0284552845528455,query_1,"['GO:0042221', 'GO:0051716']",olivedrab
GO:BP,GO:0042221,response to chemical,0.0028166114103367,True,"""Any process that results in a change in state or activity of a cell or an organism (in terms of movement, secretion, enzyme production, gene expression, etc.) as a result of a chemical stimulus."" [GOC:jl]",945,87,19,13630,0.2183908045977011,0.0201058201058201,query_1,['GO:0050896'],olivedrab
GO:BP,GO:0006880,intracellular sequestering of iron ion,0.0039958768267966,True,"""The process of binding or confining iron ions in an intracellular area such that they are separated from other components of a biological system."" [GOC:ai]",7,87,3,13630,0.0344827586206896,0.4285714285714285,query_1,['GO:0097577'],olivedrab
GO:BP,GO:0051238,sequestering of metal ion,0.0039958768267966,True,"""The process of binding or confining metal ions such that they are separated from other components of a biological system."" [GOC:ai]",7,87,3,13630,0.0344827586206896,0.4285714285714285,query_1,['GO:0051235'],olivedrab
GO:BP,GO:0097577,sequestering of iron ion,0.0039958768267966,True,"""The process of binding or confining iron ions such that they are separated from other components of a biological system."" [GOC:mr, PMID:3099306]",7,87,3,13630,0.0344827586206896,0.4285714285714285,query_1,"['GO:0006879', 'GO:0051238', 'GO:0051651']",olivedrab
GO:BP,GO:0009755,hormone-mediated signaling pathway,0.0359275166434854,True,"""The series of molecular signals mediated by the detection of a hormone."" [GOC:sm]",351,87,10,13630,0.1149425287356321,0.0284900284900284,query_1,"['GO:0007165', 'GO:0032870']",olivedrab
GO:BP,GO:1901700,response to oxygen-containing compound,0.0440988201114535,True,"""Any process that results in a change in state or activity of a cell or an organism (in terms of movement, secretion, enzyme production, gene expression, etc.) as a result of an oxygen-containing compound stimulus."" [GOC:pr, GOC:TermGenie]",434,87,11,13630,0.1264367816091954,0.0253456221198156,query_1,['GO:0042221'],olivedrab
GO:BP,GO:0032870,cellular response to hormone stimulus,0.0463881358890257,True,"""Any process that results in a change in state or activity of a cell (in terms of movement, secretion, enzyme production, gene expression, etc.) as a result of a hormone stimulus."" [GOC:mah]",362,87,10,13630,0.1149425287356321,0.0276243093922651,query_1,"['GO:0009725', 'GO:0070887', 'GO:0071495']",olivedrab
GO:BP,GO:0071495,cellular response to endogenous stimulus,0.0474556654333591,True,"""Any process that results in a change in state or activity of a cell (in terms of movement, secretion, enzyme production, gene expression, etc.) as a result of a stimulus arising within the organism."" [GOC:mah]",363,87,10,13630,0.1149425287356321,0.0275482093663911,query_1,['GO:0009719'],olivedrab
GO:BP,GO:0022613,ribonucleoprotein complex biogenesis,0.0009153001642687,True,"""A cellular process that results in the biosynthesis of constituent macromolecules, assembly, and arrangement of constituent parts of a complex containing RNA and proteins. Includes the biosynthesis of the constituent RNA and protein molecules, and those macromolecular modifications that are involved in synthesis or assembly of the ribonucleoprotein complex."" [GOC:isa_complete, GOC:mah]",310,39,8,13630,0.2051282051282051,0.0258064516129032,query_1,['GO:0044085'],orangered
GO:BP,GO:0042254,ribosome biogenesis,0.0022614694790183,True,"""A cellular process that results in the biosynthesis of constituent macromolecules, assembly, and arrangement of constituent parts of ribosome subunits; includes transport to the sites of protein synthesis."" [GOC:ma, PMID:26404467, Wikipedia:Ribosome_biogenesis]",246,39,7,13630,0.1794871794871795,0.0284552845528455,query_1,['GO:0022613'],orangered
GO:BP,GO:0044085,cellular component biogenesis,0.0076108407160832,True,"""A process that results in the biosynthesis of constituent macromolecules, assembly, and arrangement of constituent parts of a cellular component. Includes biosynthesis of constituent macromolecules, and those macromolecular modifications that are involved in synthesis or assembly of the cellular component."" [GOC:jl, GOC:mah]",854,39,11,13630,0.282051282051282,0.0128805620608899,query_1,['GO:0071840'],orangered
GO:BP,GO:0042273,ribosomal large subunit biogenesis,0.0325271850302222,True,"""A cellular process that results in the biosynthesis of constituent macromolecules, assembly, and arrangement of constituent parts of a large ribosomal subunit; includes transport to the sites of protein synthesis."" [GOC:jl]",80,39,4,13630,0.1025641025641025,0.05,query_1,"['GO:0022613', 'GO:0042254']",orangered
GO:BP,GO:0006270,DNA replication initiation,3.846663752837242e-07,True,"""The process in which DNA-dependent DNA replication is started; it begins when specific sequences, known as origins of replication, are recognized and bound by the origin recognition complex, followed by DNA unwinding."" [PMID:28209641]",20,33,5,13630,0.1515151515151515,0.25,query_1,"['GO:0006259', 'GO:0006261']",saddlebrown
GO:BP,GO:0006260,DNA replication,3.790916305650937e-06,True,"""The cellular metabolic process in which a cell duplicates one or more molecules of DNA. DNA replication begins when specific sequences, known as origins of replication, are recognized and bound by the origin recognition complex, and ends when the original DNA molecule has been completely duplicated and the copies topologically separated. The unit of replication usually corresponds to the genome of the cell, an organelle, or a virus. The template for replication can either be an existing DNA molecule or RNA."" [GOC:mah]",115,33,7,13630,0.2121212121212121,0.0608695652173913,query_1,['GO:0006259'],saddlebrown
GO:BP,GO:0006261,DNA-templated DNA replication,9.36710116083271e-06,True,"""A DNA replication process that uses parental DNA as a template for the DNA-dependent DNA polymerases that synthesize the new strands."" [GOC:mah, ISBN:0198506732]",75,33,6,13630,0.1818181818181818,0.08,query_1,['GO:0006260'],saddlebrown
GO:CC,GO:0043601,nuclear replisome,0.0004482907675764,True,"""A multi-component enzymatic machine at the nuclear replication fork, which mediates DNA replication. Includes DNA primase, one or more DNA polymerases, DNA helicases, and other proteins."" [GOC:jl, GOC:mtg_sensu]",12,28,3,9569,0.1071428571428571,0.25,query_1,"['GO:0030894', 'GO:0043596', 'GO:0140513']",saddlebrown
GO:CC,GO:0030894,replisome,0.0005816362047169,True,"""A multi-component enzymatic machine at the replication fork which mediates DNA replication. Includes DNA primase, one or more DNA polymerases, DNA helicases, and other proteins."" [GOC:mah, GOC:vw]",13,28,3,9569,0.1071428571428571,0.2307692307692307,query_1,"['GO:0005657', 'GO:0032993']",saddlebrown
GO:BP,GO:0006259,DNA metabolic process,0.0013026056269367,True,"""Any cellular metabolic process involving deoxyribonucleic acid. This is one of the two main types of nucleic acid, consisting of a long, unbranched macromolecule formed from one, or more commonly, two, strands of linked deoxyribonucleotides."" [ISBN:0198506732]",390,33,8,13630,0.2424242424242424,0.0205128205128205,query_1,['GO:0090304'],saddlebrown
GO:CC,GO:0005658,alpha DNA polymerase:primase complex,0.0022852857256967,True,"""A complex of four polypeptides, comprising large and small DNA polymerase alpha subunits and two primase subunits, which are capable of catalyzing the synthesis of an RNA primer on the lagging strand of replicating DNA and the subsequent synthesis of a small stretch of DNA. The smaller of the two primase subunits alone can catalyze oligoribonucleotide synthesis."" [GOC:mah, PMID:11395402, PMID:26975377]",3,28,2,9569,0.0714285714285714,0.6666666666666666,query_1,"['GO:0042575', 'GO:0043601', 'GO:0055029']",saddlebrown
GO:CC,GO:0043596,nuclear replication fork,0.0022868064069551,True,"""The Y-shaped region of a nuclear replicating DNA molecule, resulting from the separation of the DNA strands and in which the synthesis of new strands takes place. Also includes associated protein complexes."" [GOC:jl, GOC:mtg_sensu]",20,28,3,9569,0.1071428571428571,0.15,query_1,"['GO:0000228', 'GO:0005657']",saddlebrown
GO:CC,GO:0000228,nuclear chromosome,0.0028676550260604,True,"""A chromosome that encodes the nuclear genome and is found in the nucleus of a eukaryotic cell during the cell cycle phases when the nucleus is intact."" [GOC:dph, GOC:mah]",63,28,4,9569,0.1428571428571428,0.0634920634920634,query_1,"['GO:0005694', 'GO:0031981']",saddlebrown
GO:CC,GO:0005657,replication fork,0.0088245249674881,True,"""The Y-shaped region of a replicating DNA molecule, resulting from the separation of the DNA strands and in which the synthesis of new strands takes place. Also includes associated protein complexes."" [GOC:mah, ISBN:0198547684]",31,28,3,9569,0.1071428571428571,0.0967741935483871,query_1,"['GO:0005694', 'GO:0110165']",saddlebrown
GO:MF,GO:0003688,DNA replication origin binding,0.032260028873468,True,"""Binding to a DNA replication origin, a unique DNA sequence of a replicon at which DNA replication is initiated and proceeds bidirectionally or unidirectionally."" [GOC:curators]",8,44,2,17687,0.0454545454545454,0.25,query_1,['GO:1990837'],saddlebrown
GO:CC,GO:0140513,nuclear protein-containing complex,0.04481540765035,True,"""A stable assembly of two or more macromolecules, i.e. proteins, nucleic acids, carbohydrates or lipids, in which at least one component is a protein and the constituent parts function together in the nucleus."" [GOC:pg]",504,28,7,9569,0.25,0.0138888888888888,query_1,"['GO:0005634', 'GO:0032991']",saddlebrown
GO:BP,GO:0071407,cellular response to organic cyclic compound,0.0057303029289884,True,"""Any process that results in a change in state or activity of a cell (in terms of movement, secretion, enzyme production, gene expression, etc.) as a result of an organic cyclic compound stimulus."" [GOC:mah]",57,35,4,13630,0.1142857142857142,0.0701754385964912,query_1,"['GO:0014070', 'GO:0070887']",springgreen
GO:MF,GO:0140096,"catalytic activity, acting on a protein",0.0136234077994022,True,"""Catalytic activity that acts to modify a protein."" [GOC:molecular_function_refactoring, GOC:pdt]",2575,36,15,17687,0.4166666666666667,0.0058252427184466,query_1,['GO:0003824'],springgreen
GO:BP,GO:0014070,response to organic cyclic compound,0.0153364170689904,True,"""Any process that results in a change in state or activity of a cell or an organism (in terms of movement, secretion, enzyme production, gene expression, etc.) as a result of an organic cyclic compound stimulus."" [GOC:ef]",73,35,4,13630,0.1142857142857142,0.0547945205479452,query_1,['GO:0042221'],springgreen
GO:BP,GO:0009742,brassinosteroid mediated signaling pathway,0.0169867824911183,True,"""The series of molecular signals mediated by the detection of brassinosteroid."" [GOC:sm]",26,35,3,13630,0.0857142857142857,0.1153846153846153,query_1,"['GO:0043401', 'GO:0071367']",springgreen
GO:BP,GO:0043401,steroid hormone receptor signaling pathway,0.0169867824911183,True,"""The series of molecular signals mediated by a steroid hormone binding to a receptor."" [PMID:12606724]",26,35,3,13630,0.0857142857142857,0.1153846153846153,query_1,"['GO:0009755', 'GO:0071383']",springgreen
GO:BP,GO:0048545,response to steroid hormone,0.0169867824911183,True,"""Any process that results in a change in state or activity of a cell or an organism (in terms of movement, secretion, enzyme production, gene expression, etc.) as a result of a steroid hormone stimulus."" [GOC:go_curators]",26,35,3,13630,0.0857142857142857,0.1153846153846153,query_1,"['GO:0009725', 'GO:0014070', 'GO:0033993']",springgreen
GO:BP,GO:0071367,cellular response to brassinosteroid stimulus,0.0169867824911183,True,"""Any process that results in a change in state or activity of a cell (in terms of movement, secretion, enzyme production, gene expression, etc.) as a result of a brassinosteroid stimulus."" [GOC:mah]",26,35,3,13630,0.0857142857142857,0.1153846153846153,query_1,"['GO:0009741', 'GO:0032870', 'GO:0071396', 'GO:0071407', 'GO:1901701']",springgreen
GO:BP,GO:0071383,cellular response to steroid hormone stimulus,0.0169867824911183,True,"""Any process that results in a change in state or activity of a cell (in terms of movement, secretion, enzyme production, gene expression, etc.) as a result of a steroid hormone stimulus."" [GOC:mah]",26,35,3,13630,0.0857142857142857,0.1153846153846153,query_1,"['GO:0032870', 'GO:0048545', 'GO:0071396', 'GO:0071407']",springgreen
GO:BP,GO:0009741,response to brassinosteroid,0.0213281264972017,True,"""Any process that results in a change in state or activity of a cell or an organism (in terms of movement, secretion, enzyme production, gene expression, etc.) as a result of a brassinosteroid stimulus."" [GOC:jl]",28,35,3,13630,0.0857142857142857,0.1071428571428571,query_1,"['GO:0009725', 'GO:0014070', 'GO:0033993', 'GO:1901700']",springgreen
GO:MF,GO:0016773,"phosphotransferase activity, alcohol group as acceptor",0.0348254245426102,True,"""Catalysis of the transfer of a phosphorus-containing group from one compound (donor) to an alcohol group (acceptor)."" [EC:2.7.1.-]",1292,36,10,17687,0.2777777777777778,0.0077399380804953,query_1,['GO:0016772'],springgreen
GO:MF,GO:0016740,transferase activity,0.0395784096559629,True,"""Catalysis of the transfer of a group, e.g. a methyl group, glycosyl group, acyl group, phosphorus-containing, or other groups, from one compound (generally regarded as the donor) to another compound (generally regarded as the acceptor). Transferase is the systematic name for any enzyme of EC class 2."" [EC:2.-.-.-]",3529,36,17,17687,0.4722222222222222,0.0048172286766789,query_1,['GO:0003824'],springgreen
